Name,Address,Ordered Product
Jane Smith,456 Elm St,Dove
John Doe,404 Walnut St,Dove
Emma Jones,123 Main St,Dove
David Williams,202 Maple St,Dove
Daniel Garcia,456 Elm St,Dove
William Taylor,606 Spruce St,Suave
Jane Smith,606 Spruce St,Suave
David Williams,789 Oak St,Suave
Daniel Garcia,123 Main St,Suave
Michael Johnson,505 Birch St,Suave
John Doe,['address'],Dove
John Doe,['address'],Dove
John Doe,404 Walnut St,Dove
Jane Smith,456 Elm St,Dove
Jane Smith,456 Elm St,Dove
John Doe,404 Walnut St,Dove
